departamento,provincia,C_CODI_AGRUPOL,AGRUPACION,TOTAL_VOTOS,POR_VALIDOS,POR_EMITIDOS,NOMBREe_CANDIDATO,updated,avance
AMAZONAS,CHACHAPOYAS,00000014,PARTIDO POLITICO NACIONAL PERU LIBRE,15561,60.002,55.15,JOSE PEDRO CASTILLO TERRONES,2021-06-08T00:54:00Z,94.10199999999999
AMAZONAS,CHACHAPOYAS,00000007,FUERZA POPULAR,10373,39.998000000000005,36.763000000000005,KEIKO SOFIA FUJIMORI HIGUCHI,2021-06-08T00:54:00Z,94.10199999999999
AMAZONAS,BAGUA,00000014,PARTIDO POLITICO NACIONAL PERU LIBRE,24971,70.218,66.27799999999999,JOSE PEDRO CASTILLO TERRONES,2021-06-08T00:54:00Z,94.10199999999999
AMAZONAS,BAGUA,00000007,FUERZA POPULAR,10591,29.781999999999996,28.111000000000004,KEIKO SOFIA FUJIMORI HIGUCHI,2021-06-08T00:54:00Z,94.10199999999999
AMAZONAS,BONGARA,00000014,PARTIDO POLITICO NACIONAL PERU LIBRE,8374,61.650999999999996,57.45099999999999,JOSE PEDRO CASTILLO TERRONES,2021-06-08T00:54:00Z,94.10199999999999
AMAZONAS,BONGARA,00000007,FUERZA POPULAR,5209,38.349,35.737,KEIKO SOFIA FUJIMORI HIGUCHI,2021-06-08T00:54:00Z,94.10199999999999
AMAZONAS,LUYA,00000014,PARTIDO POLITICO NACIONAL PERU LIBRE,12528,61.769000000000005,57.852999999999994,JOSE PEDRO CASTILLO TERRONES,2021-06-08T00:54:00Z,94.10199999999999
AMAZONAS,LUYA,00000007,FUERZA POPULAR,7754,38.231,35.806999999999995,KEIKO SOFIA FUJIMORI HIGUCHI,2021-06-08T00:54:00Z,94.10199999999999
AMAZONAS,RODRIGUEZ DE MENDOZA,00000014,PARTIDO POLITICO NACIONAL PERU LIBRE,7461,58.6,53.888999999999996,JOSE PEDRO CASTILLO TERRONES,2021-06-08T00:54:00Z,94.10199999999999
AMAZONAS,RODRIGUEZ DE MENDOZA,00000007,FUERZA POPULAR,5271,41.4,38.072,KEIKO SOFIA FUJIMORI HIGUCHI,2021-06-08T00:54:00Z,94.10199999999999
AMAZONAS,CONDORCANQUI,00000014,PARTIDO POLITICO NACIONAL PERU LIBRE,6741,86.846,82.61999999999999,JOSE PEDRO CASTILLO TERRONES,2021-06-08T00:54:00Z,94.10199999999999
AMAZONAS,CONDORCANQUI,00000007,FUERZA POPULAR,1021,13.154,12.514,KEIKO SOFIA FUJIMORI HIGUCHI,2021-06-08T00:54:00Z,94.10199999999999
AMAZONAS,UTCUBAMBA,00000014,PARTIDO POLITICO NACIONAL PERU LIBRE,36201,65.551,61.776,JOSE PEDRO CASTILLO TERRONES,2021-06-08T00:54:00Z,94.10199999999999
AMAZONAS,UTCUBAMBA,00000007,FUERZA POPULAR,19025,34.449,32.466,KEIKO SOFIA FUJIMORI HIGUCHI,2021-06-08T00:54:00Z,94.10199999999999
ANCASH,HUARAZ,00000014,PARTIDO POLITICO NACIONAL PERU LIBRE,58483,63.85399999999999,58.977,JOSE PEDRO CASTILLO TERRONES,2021-06-08T00:54:00Z,94.10199999999999
ANCASH,HUARAZ,00000007,FUERZA POPULAR,33105,36.146,33.38399999999999,KEIKO SOFIA FUJIMORI HIGUCHI,2021-06-08T00:54:00Z,94.10199999999999
ANCASH,AIJA,00000014,PARTIDO POLITICO NACIONAL PERU LIBRE,2325,62.199000000000005,58.935,JOSE PEDRO CASTILLO TERRONES,2021-06-08T00:54:00Z,94.10199999999999
ANCASH,AIJA,00000007,FUERZA POPULAR,1413,37.800999999999995,35.81699999999999,KEIKO SOFIA FUJIMORI HIGUCHI,2021-06-08T00:54:00Z,94.10199999999999
ANCASH,BOLOGNESI,00000014,PARTIDO POLITICO NACIONAL PERU LIBRE,7690,65.81700000000001,61.926,JOSE PEDRO CASTILLO TERRONES,2021-06-08T00:54:00Z,94.10199999999999
ANCASH,BOLOGNESI,00000007,FUERZA POPULAR,3994,34.183,32.163000000000004,KEIKO SOFIA FUJIMORI HIGUCHI,2021-06-08T00:54:00Z,94.10199999999999
ANCASH,CARHUAZ,00000014,PARTIDO POLITICO NACIONAL PERU LIBRE,18623,68.59,61.942,JOSE PEDRO CASTILLO TERRONES,2021-06-08T00:54:00Z,94.10199999999999
ANCASH,CARHUAZ,00000007,FUERZA POPULAR,8528,31.41,28.365,KEIKO SOFIA FUJIMORI HIGUCHI,2021-06-08T00:54:00Z,94.10199999999999
ANCASH,CASMA,00000014,PARTIDO POLITICO NACIONAL PERU LIBRE,11035,42.053999999999995,38.93,JOSE PEDRO CASTILLO TERRONES,2021-06-08T00:54:00Z,94.10199999999999
ANCASH,CASMA,00000007,FUERZA POPULAR,15205,57.946,53.641,KEIKO SOFIA FUJIMORI HIGUCHI,2021-06-08T00:54:00Z,94.10199999999999
ANCASH,CORONGO,00000014,PARTIDO POLITICO NACIONAL PERU LIBRE,2174,59.824,56.688,JOSE PEDRO CASTILLO TERRONES,2021-06-08T00:54:00Z,94.10199999999999
ANCASH,CORONGO,00000007,FUERZA POPULAR,1460,40.176,38.07,KEIKO SOFIA FUJIMORI HIGUCHI,2021-06-08T00:54:00Z,94.10199999999999
ANCASH,HUAYLAS,00000014,PARTIDO POLITICO NACIONAL PERU LIBRE,13394,48.364,43.794000000000004,JOSE PEDRO CASTILLO TERRONES,2021-06-08T00:54:00Z,94.10199999999999
ANCASH,HUAYLAS,00000007,FUERZA POPULAR,14300,51.636,46.756,KEIKO SOFIA FUJIMORI HIGUCHI,2021-06-08T00:54:00Z,94.10199999999999
ANCASH,HUARI,00000014,PARTIDO POLITICO NACIONAL PERU LIBRE,27504,80.238,75.24000000000001,JOSE PEDRO CASTILLO TERRONES,2021-06-08T00:54:00Z,94.10199999999999
ANCASH,HUARI,00000007,FUERZA POPULAR,6774,19.761999999999997,18.531000000000002,KEIKO SOFIA FUJIMORI HIGUCHI,2021-06-08T00:54:00Z,94.10199999999999
ANCASH,MARISCAL LUZURIAGA,00000014,PARTIDO POLITICO NACIONAL PERU LIBRE,8383,83.738,76.34100000000001,JOSE PEDRO CASTILLO TERRONES,2021-06-08T00:54:00Z,94.10199999999999
ANCASH,MARISCAL LUZURIAGA,00000007,FUERZA POPULAR,1628,16.261999999999997,14.826,KEIKO SOFIA FUJIMORI HIGUCHI,2021-06-08T00:54:00Z,94.10199999999999
ANCASH,PALLASCA,00000014,PARTIDO POLITICO NACIONAL PERU LIBRE,7451,73.013,67.922,JOSE PEDRO CASTILLO TERRONES,2021-06-08T00:54:00Z,94.10199999999999
ANCASH,PALLASCA,00000007,FUERZA POPULAR,2754,26.987,25.105,KEIKO SOFIA FUJIMORI HIGUCHI,2021-06-08T00:54:00Z,94.10199999999999
ANCASH,POMABAMBA,00000014,PARTIDO POLITICO NACIONAL PERU LIBRE,9061,78.193,70.17999999999999,JOSE PEDRO CASTILLO TERRONES,2021-06-08T00:54:00Z,94.10199999999999
ANCASH,POMABAMBA,00000007,FUERZA POPULAR,2527,21.807000000000002,19.572,KEIKO SOFIA FUJIMORI HIGUCHI,2021-06-08T00:54:00Z,94.10199999999999
ANCASH,RECUAY,00000014,PARTIDO POLITICO NACIONAL PERU LIBRE,7695,73.524,69.70100000000001,JOSE PEDRO CASTILLO TERRONES,2021-06-08T00:54:00Z,94.10199999999999
ANCASH,RECUAY,00000007,FUERZA POPULAR,2771,26.476,25.1,KEIKO SOFIA FUJIMORI HIGUCHI,2021-06-08T00:54:00Z,94.10199999999999
ANCASH,SANTA,00000014,PARTIDO POLITICO NACIONAL PERU LIBRE,118677,48.909,44.603,JOSE PEDRO CASTILLO TERRONES,2021-06-08T00:54:00Z,94.10199999999999
ANCASH,SANTA,00000007,FUERZA POPULAR,123972,51.091,46.593,KEIKO SOFIA FUJIMORI HIGUCHI,2021-06-08T00:54:00Z,94.10199999999999
ANCASH,SIHUAS,00000014,PARTIDO POLITICO NACIONAL PERU LIBRE,9497,73.77499999999999,67.826,JOSE PEDRO CASTILLO TERRONES,2021-06-08T00:54:00Z,94.10199999999999
ANCASH,SIHUAS,00000007,FUERZA POPULAR,3376,26.224999999999998,24.111000000000004,KEIKO SOFIA FUJIMORI HIGUCHI,2021-06-08T00:54:00Z,94.10199999999999
ANCASH,YUNGAY,00000014,PARTIDO POLITICO NACIONAL PERU LIBRE,19705,67.94800000000001,61.545,JOSE PEDRO CASTILLO TERRONES,2021-06-08T00:54:00Z,94.10199999999999
ANCASH,YUNGAY,00000007,FUERZA POPULAR,9295,32.052,29.031000000000002,KEIKO SOFIA FUJIMORI HIGUCHI,2021-06-08T00:54:00Z,94.10199999999999
ANCASH,ANTONIO RAYMONDI,00000014,PARTIDO POLITICO NACIONAL PERU LIBRE,5056,86.516,81.195,JOSE PEDRO CASTILLO TERRONES,2021-06-08T00:54:00Z,94.10199999999999
ANCASH,ANTONIO RAYMONDI,00000007,FUERZA POPULAR,788,13.484,12.655000000000001,KEIKO SOFIA FUJIMORI HIGUCHI,2021-06-08T00:54:00Z,94.10199999999999
ANCASH,CARLOS FERMIN FITZCARRALD,00000014,PARTIDO POLITICO NACIONAL PERU LIBRE,6462,79.20100000000001,70.801,JOSE PEDRO CASTILLO TERRONES,2021-06-08T00:54:00Z,94.10199999999999
ANCASH,CARLOS FERMIN FITZCARRALD,00000007,FUERZA POPULAR,1697,20.799,18.593,KEIKO SOFIA FUJIMORI HIGUCHI,2021-06-08T00:54:00Z,94.10199999999999
ANCASH,ASUNCION,00000014,PARTIDO POLITICO NACIONAL PERU LIBRE,2860,77.57,70.04700000000001,JOSE PEDRO CASTILLO TERRONES,2021-06-08T00:54:00Z,94.10199999999999
ANCASH,ASUNCION,00000007,FUERZA POPULAR,827,22.43,20.255,KEIKO SOFIA FUJIMORI HIGUCHI,2021-06-08T00:54:00Z,94.10199999999999
ANCASH,HUARMEY,00000014,PARTIDO POLITICO NACIONAL PERU LIBRE,7621,45.231,43.059,JOSE PEDRO CASTILLO TERRONES,2021-06-08T00:54:00Z,94.10199999999999
ANCASH,HUARMEY,00000007,FUERZA POPULAR,9228,54.769000000000005,52.139,KEIKO SOFIA FUJIMORI HIGUCHI,2021-06-08T00:54:00Z,94.10199999999999
ANCASH,OCROS,00000014,PARTIDO POLITICO NACIONAL PERU LIBRE,1642,48.71,47.049,JOSE PEDRO CASTILLO TERRONES,2021-06-08T00:54:00Z,94.10199999999999
ANCASH,OCROS,00000007,FUERZA POPULAR,1729,51.290000000000006,49.542,KEIKO SOFIA FUJIMORI HIGUCHI,2021-06-08T00:54:00Z,94.10199999999999
APURIMAC,ABANCAY,00000014,PARTIDO POLITICO NACIONAL PERU LIBRE,42487,74.143,69.789,JOSE PEDRO CASTILLO TERRONES,2021-06-08T00:54:00Z,94.10199999999999
APURIMAC,ABANCAY,00000007,FUERZA POPULAR,14817,25.857000000000003,24.338,KEIKO SOFIA FUJIMORI HIGUCHI,2021-06-08T00:54:00Z,94.10199999999999
APURIMAC,AYMARAES,00000014,PARTIDO POLITICO NACIONAL PERU LIBRE,11122,79.93400000000001,75.732,JOSE PEDRO CASTILLO TERRONES,2021-06-08T00:54:00Z,94.10199999999999
APURIMAC,AYMARAES,00000007,FUERZA POPULAR,2792,20.066,19.011000000000003,KEIKO SOFIA FUJIMORI HIGUCHI,2021-06-08T00:54:00Z,94.10199999999999
APURIMAC,ANDAHUAYLAS,00000014,PARTIDO POLITICO NACIONAL PERU LIBRE,65340,82.836,78.336,JOSE PEDRO CASTILLO TERRONES,2021-06-08T00:54:00Z,94.10199999999999
APURIMAC,ANDAHUAYLAS,00000007,FUERZA POPULAR,13539,17.164,16.232,KEIKO SOFIA FUJIMORI HIGUCHI,2021-06-08T00:54:00Z,94.10199999999999
APURIMAC,ANTABAMBA,00000014,PARTIDO POLITICO NACIONAL PERU LIBRE,4797,84.05499999999999,79.44700000000002,JOSE PEDRO CASTILLO TERRONES,2021-06-08T00:54:00Z,94.10199999999999
APURIMAC,ANTABAMBA,00000007,FUERZA POPULAR,910,15.945,15.071,KEIKO SOFIA FUJIMORI HIGUCHI,2021-06-08T00:54:00Z,94.10199999999999
APURIMAC,COTABAMBAS,00000014,PARTIDO POLITICO NACIONAL PERU LIBRE,20072,91.203,84.195,JOSE PEDRO CASTILLO TERRONES,2021-06-08T00:54:00Z,94.10199999999999
APURIMAC,COTABAMBAS,00000007,FUERZA POPULAR,1936,8.796999999999999,8.120999999999999,KEIKO SOFIA FUJIMORI HIGUCHI,2021-06-08T00:54:00Z,94.10199999999999
APURIMAC,GRAU,00000014,PARTIDO POLITICO NACIONAL PERU LIBRE,9703,86.804,81.51,JOSE PEDRO CASTILLO TERRONES,2021-06-08T00:54:00Z,94.10199999999999
APURIMAC,GRAU,00000007,FUERZA POPULAR,1475,13.196,12.391,KEIKO SOFIA FUJIMORI HIGUCHI,2021-06-08T00:54:00Z,94.10199999999999
APURIMAC,CHINCHEROS,00000014,PARTIDO POLITICO NACIONAL PERU LIBRE,19791,83.40400000000001,79.215,JOSE PEDRO CASTILLO TERRONES,2021-06-08T00:54:00Z,94.10199999999999
APURIMAC,CHINCHEROS,00000007,FUERZA POPULAR,3938,16.596,15.762,KEIKO SOFIA FUJIMORI HIGUCHI,2021-06-08T00:54:00Z,94.10199999999999
AREQUIPA,AREQUIPA,00000014,PARTIDO POLITICO NACIONAL PERU LIBRE,430199,62.989,59.327,JOSE PEDRO CASTILLO TERRONES,2021-06-08T00:54:00Z,94.10199999999999
AREQUIPA,AREQUIPA,00000007,FUERZA POPULAR,252774,37.010999999999996,34.858999999999995,KEIKO SOFIA FUJIMORI HIGUCHI,2021-06-08T00:54:00Z,94.10199999999999
AREQUIPA,CAYLLOMA,00000014,PARTIDO POLITICO NACIONAL PERU LIBRE,46879,86.114,82.18599999999999,JOSE PEDRO CASTILLO TERRONES,2021-06-08T00:54:00Z,94.10199999999999
AREQUIPA,CAYLLOMA,00000007,FUERZA POPULAR,7559,13.886000000000001,13.252,KEIKO SOFIA FUJIMORI HIGUCHI,2021-06-08T00:54:00Z,94.10199999999999
AREQUIPA,CAMANA,00000014,PARTIDO POLITICO NACIONAL PERU LIBRE,20623,59.227000000000004,55.842999999999996,JOSE PEDRO CASTILLO TERRONES,2021-06-08T00:54:00Z,94.10199999999999
AREQUIPA,CAMANA,00000007,FUERZA POPULAR,14197,40.773,38.443,KEIKO SOFIA FUJIMORI HIGUCHI,2021-06-08T00:54:00Z,94.10199999999999
AREQUIPA,CARAVELI,00000014,PARTIDO POLITICO NACIONAL PERU LIBRE,8422,47.166000000000004,45.021,JOSE PEDRO CASTILLO TERRONES,2021-06-08T00:54:00Z,94.10199999999999
AREQUIPA,CARAVELI,00000007,FUERZA POPULAR,9434,52.833999999999996,50.43,KEIKO SOFIA FUJIMORI HIGUCHI,2021-06-08T00:54:00Z,94.10199999999999
AREQUIPA,CASTILLA,00000014,PARTIDO POLITICO NACIONAL PERU LIBRE,12800,75.874,71.661,JOSE PEDRO CASTILLO TERRONES,2021-06-08T00:54:00Z,94.10199999999999
AREQUIPA,CASTILLA,00000007,FUERZA POPULAR,4070,24.126,22.785999999999998,KEIKO SOFIA FUJIMORI HIGUCHI,2021-06-08T00:54:00Z,94.10199999999999
AREQUIPA,CONDESUYOS,00000014,PARTIDO POLITICO NACIONAL PERU LIBRE,5749,81.813,77.282,JOSE PEDRO CASTILLO TERRONES,2021-06-08T00:54:00Z,94.10199999999999
AREQUIPA,CONDESUYOS,00000007,FUERZA POPULAR,1278,18.187,17.18,KEIKO SOFIA FUJIMORI HIGUCHI,2021-06-08T00:54:00Z,94.10199999999999
AREQUIPA,ISLAY,00000014,PARTIDO POLITICO NACIONAL PERU LIBRE,23944,71.145,67.556,JOSE PEDRO CASTILLO TERRONES,2021-06-08T00:54:00Z,94.10199999999999
AREQUIPA,ISLAY,00000007,FUERZA POPULAR,9711,28.855,27.399,KEIKO SOFIA FUJIMORI HIGUCHI,2021-06-08T00:54:00Z,94.10199999999999
AREQUIPA,LA UNION,00000014,PARTIDO POLITICO NACIONAL PERU LIBRE,4905,85.932,79.215,JOSE PEDRO CASTILLO TERRONES,2021-06-08T00:54:00Z,94.10199999999999
AREQUIPA,LA UNION,00000007,FUERZA POPULAR,803,14.068,12.968,KEIKO SOFIA FUJIMORI HIGUCHI,2021-06-08T00:54:00Z,94.10199999999999
AYACUCHO,HUAMANGA,00000014,PARTIDO POLITICO NACIONAL PERU LIBRE,130156,82.32799999999999,78.386,JOSE PEDRO CASTILLO TERRONES,2021-06-08T00:54:00Z,94.10199999999999
AYACUCHO,HUAMANGA,00000007,FUERZA POPULAR,27938,17.672,16.826,KEIKO SOFIA FUJIMORI HIGUCHI,2021-06-08T00:54:00Z,94.10199999999999
AYACUCHO,CANGALLO,00000014,PARTIDO POLITICO NACIONAL PERU LIBRE,14569,89.205,84.49700000000001,JOSE PEDRO CASTILLO TERRONES,2021-06-08T00:54:00Z,94.10199999999999
AYACUCHO,CANGALLO,00000007,FUERZA POPULAR,1763,10.795,10.225,KEIKO SOFIA FUJIMORI HIGUCHI,2021-06-08T00:54:00Z,94.10199999999999
AYACUCHO,HUANTA,00000014,PARTIDO POLITICO NACIONAL PERU LIBRE,26622,80.884,76.72,JOSE PEDRO CASTILLO TERRONES,2021-06-08T00:54:00Z,94.10199999999999
AYACUCHO,HUANTA,00000007,FUERZA POPULAR,6292,19.116000000000003,18.133000000000003,KEIKO SOFIA FUJIMORI HIGUCHI,2021-06-08T00:54:00Z,94.10199999999999
AYACUCHO,LA MAR,00000014,PARTIDO POLITICO NACIONAL PERU LIBRE,14536,86.699,81.815,JOSE PEDRO CASTILLO TERRONES,2021-06-08T00:54:00Z,94.10199999999999
AYACUCHO,LA MAR,00000007,FUERZA POPULAR,2230,13.301,12.551,KEIKO SOFIA FUJIMORI HIGUCHI,2021-06-08T00:54:00Z,94.10199999999999
AYACUCHO,LUCANAS,00000014,PARTIDO POLITICO NACIONAL PERU LIBRE,15932,72.782,69.137,JOSE PEDRO CASTILLO TERRONES,2021-06-08T00:54:00Z,94.10199999999999
AYACUCHO,LUCANAS,00000007,FUERZA POPULAR,5958,27.218,25.855,KEIKO SOFIA FUJIMORI HIGUCHI,2021-06-08T00:54:00Z,94.10199999999999
AYACUCHO,PARINACOCHAS,00000014,PARTIDO POLITICO NACIONAL PERU LIBRE,8985,81.853,77.631,JOSE PEDRO CASTILLO TERRONES,2021-06-08T00:54:00Z,94.10199999999999
AYACUCHO,PARINACOCHAS,00000007,FUERZA POPULAR,1992,18.147000000000002,17.211000000000002,KEIKO SOFIA FUJIMORI HIGUCHI,2021-06-08T00:54:00Z,94.10199999999999
AYACUCHO,VICTOR FAJARDO,00000014,PARTIDO POLITICO NACIONAL PERU LIBRE,8582,89.968,84.12899999999999,JOSE PEDRO CASTILLO TERRONES,2021-06-08T00:54:00Z,94.10199999999999
AYACUCHO,VICTOR FAJARDO,00000007,FUERZA POPULAR,957,10.032,9.381,KEIKO SOFIA FUJIMORI HIGUCHI,2021-06-08T00:54:00Z,94.10199999999999
AYACUCHO,HUANCA SANCOS,00000014,PARTIDO POLITICO NACIONAL PERU LIBRE,4219,88.282,83.478,JOSE PEDRO CASTILLO TERRONES,2021-06-08T00:54:00Z,94.10199999999999
AYACUCHO,HUANCA SANCOS,00000007,FUERZA POPULAR,560,11.717999999999998,11.08,KEIKO SOFIA FUJIMORI HIGUCHI,2021-06-08T00:54:00Z,94.10199999999999
AYACUCHO,VILCAS HUAMAN,00000014,PARTIDO POLITICO NACIONAL PERU LIBRE,8199,85.17599999999999,78.859,JOSE PEDRO CASTILLO TERRONES,2021-06-08T00:54:00Z,94.10199999999999
AYACUCHO,VILCAS HUAMAN,00000007,FUERZA POPULAR,1427,14.824,13.725,KEIKO SOFIA FUJIMORI HIGUCHI,2021-06-08T00:54:00Z,94.10199999999999
AYACUCHO,PAUCAR DEL SARA SARA,00000014,PARTIDO POLITICO NACIONAL PERU LIBRE,3051,72.99000000000001,68.74700000000001,JOSE PEDRO CASTILLO TERRONES,2021-06-08T00:54:00Z,94.10199999999999
AYACUCHO,PAUCAR DEL SARA SARA,00000007,FUERZA POPULAR,1129,27.01,25.439,KEIKO SOFIA FUJIMORI HIGUCHI,2021-06-08T00:54:00Z,94.10199999999999
AYACUCHO,SUCRE,00000014,PARTIDO POLITICO NACIONAL PERU LIBRE,3425,76.691,72.11999999999999,JOSE PEDRO CASTILLO TERRONES,2021-06-08T00:54:00Z,94.10199999999999
AYACUCHO,SUCRE,00000007,FUERZA POPULAR,1041,23.309,21.919999999999998,KEIKO SOFIA FUJIMORI HIGUCHI,2021-06-08T00:54:00Z,94.10199999999999
CAJAMARCA,CAJAMARCA,00000014,PARTIDO POLITICO NACIONAL PERU LIBRE,113574,59.007,54.418,JOSE PEDRO CASTILLO TERRONES,2021-06-08T00:54:00Z,94.10199999999999
CAJAMARCA,CAJAMARCA,00000007,FUERZA POPULAR,78903,40.993,37.806,KEIKO SOFIA FUJIMORI HIGUCHI,2021-06-08T00:54:00Z,94.10199999999999
CAJAMARCA,CAJABAMBA,00000014,PARTIDO POLITICO NACIONAL PERU LIBRE,18192,55.888999999999996,50.845,JOSE PEDRO CASTILLO TERRONES,2021-06-08T00:54:00Z,94.10199999999999
CAJAMARCA,CAJABAMBA,00000007,FUERZA POPULAR,14358,44.111,40.13,KEIKO SOFIA FUJIMORI HIGUCHI,2021-06-08T00:54:00Z,94.10199999999999
CAJAMARCA,CELENDIN,00000014,PARTIDO POLITICO NACIONAL PERU LIBRE,31576,80.71000000000001,76.07799999999999,JOSE PEDRO CASTILLO TERRONES,2021-06-08T00:54:00Z,94.10199999999999
CAJAMARCA,CELENDIN,00000007,FUERZA POPULAR,7547,19.29,18.183,KEIKO SOFIA FUJIMORI HIGUCHI,2021-06-08T00:54:00Z,94.10199999999999
CAJAMARCA,CONTUMAZA,00000014,PARTIDO POLITICO NACIONAL PERU LIBRE,8516,60.836999999999996,57.308,JOSE PEDRO CASTILLO TERRONES,2021-06-08T00:54:00Z,94.10199999999999
CAJAMARCA,CONTUMAZA,00000007,FUERZA POPULAR,5482,39.163000000000004,36.891,KEIKO SOFIA FUJIMORI HIGUCHI,2021-06-08T00:54:00Z,94.10199999999999
CAJAMARCA,CUTERVO,00000014,PARTIDO POLITICO NACIONAL PERU LIBRE,42220,73.118,69.221,JOSE PEDRO CASTILLO TERRONES,2021-06-08T00:54:00Z,94.10199999999999
CAJAMARCA,CUTERVO,00000007,FUERZA POPULAR,15522,26.881999999999998,25.448999999999998,KEIKO SOFIA FUJIMORI HIGUCHI,2021-06-08T00:54:00Z,94.10199999999999
CAJAMARCA,CHOTA,00000014,PARTIDO POLITICO NACIONAL PERU LIBRE,66646,85.898,81.93700000000001,JOSE PEDRO CASTILLO TERRONES,2021-06-08T00:54:00Z,94.10199999999999
CAJAMARCA,CHOTA,00000007,FUERZA POPULAR,10941,14.102,13.451,KEIKO SOFIA FUJIMORI HIGUCHI,2021-06-08T00:54:00Z,94.10199999999999
CAJAMARCA,HUALGAYOC,00000014,PARTIDO POLITICO NACIONAL PERU LIBRE,41797,90.384,84.258,JOSE PEDRO CASTILLO TERRONES,2021-06-08T00:54:00Z,94.10199999999999
CAJAMARCA,HUALGAYOC,00000007,FUERZA POPULAR,4447,9.616,8.965000000000002,KEIKO SOFIA FUJIMORI HIGUCHI,2021-06-08T00:54:00Z,94.10199999999999
CAJAMARCA,JAEN,00000014,PARTIDO POLITICO NACIONAL PERU LIBRE,72366,69.975,66.05,JOSE PEDRO CASTILLO TERRONES,2021-06-08T00:54:00Z,94.10199999999999
CAJAMARCA,JAEN,00000007,FUERZA POPULAR,31051,30.025,28.341,KEIKO SOFIA FUJIMORI HIGUCHI,2021-06-08T00:54:00Z,94.10199999999999
CAJAMARCA,SANTA CRUZ,00000014,PARTIDO POLITICO NACIONAL PERU LIBRE,13949,71.80199999999999,68.532,JOSE PEDRO CASTILLO TERRONES,2021-06-08T00:54:00Z,94.10199999999999
CAJAMARCA,SANTA CRUZ,00000007,FUERZA POPULAR,5478,28.198,26.914,KEIKO SOFIA FUJIMORI HIGUCHI,2021-06-08T00:54:00Z,94.10199999999999
CAJAMARCA,SAN MIGUEL,00000014,PARTIDO POLITICO NACIONAL PERU LIBRE,18354,71.082,67.24600000000001,JOSE PEDRO CASTILLO TERRONES,2021-06-08T00:54:00Z,94.10199999999999
CAJAMARCA,SAN MIGUEL,00000007,FUERZA POPULAR,7467,28.918,27.358,KEIKO SOFIA FUJIMORI HIGUCHI,2021-06-08T00:54:00Z,94.10199999999999
CAJAMARCA,SAN IGNACIO,00000014,PARTIDO POLITICO NACIONAL PERU LIBRE,52683,78.851,74.85199999999999,JOSE PEDRO CASTILLO TERRONES,2021-06-08T00:54:00Z,94.10199999999999
CAJAMARCA,SAN IGNACIO,00000007,FUERZA POPULAR,14130,21.149,20.076,KEIKO SOFIA FUJIMORI HIGUCHI,2021-06-08T00:54:00Z,94.10199999999999
CAJAMARCA,SAN MARCOS,00000014,PARTIDO POLITICO NACIONAL PERU LIBRE,17596,73.614,67.928,JOSE PEDRO CASTILLO TERRONES,2021-06-08T00:54:00Z,94.10199999999999
CAJAMARCA,SAN MARCOS,00000007,FUERZA POPULAR,6307,26.386,24.348,KEIKO SOFIA FUJIMORI HIGUCHI,2021-06-08T00:54:00Z,94.10199999999999
CAJAMARCA,SAN PABLO,00000014,PARTIDO POLITICO NACIONAL PERU LIBRE,9781,79.045,74.899,JOSE PEDRO CASTILLO TERRONES,2021-06-08T00:54:00Z,94.10199999999999
CAJAMARCA,SAN PABLO,00000007,FUERZA POPULAR,2593,20.955,19.856,KEIKO SOFIA FUJIMORI HIGUCHI,2021-06-08T00:54:00Z,94.10199999999999
CUSCO,CUSCO,00000014,PARTIDO POLITICO NACIONAL PERU LIBRE,187311,71.571,66.851,JOSE PEDRO CASTILLO TERRONES,2021-06-08T00:54:00Z,94.10199999999999
CUSCO,CUSCO,00000007,FUERZA POPULAR,74403,28.429,26.554000000000002,KEIKO SOFIA FUJIMORI HIGUCHI,2021-06-08T00:54:00Z,94.10199999999999
CUSCO,ACOMAYO,00000014,PARTIDO POLITICO NACIONAL PERU LIBRE,12645,92.998,88.161,JOSE PEDRO CASTILLO TERRONES,2021-06-08T00:54:00Z,94.10199999999999
CUSCO,ACOMAYO,00000007,FUERZA POPULAR,952,7.002,6.637,KEIKO SOFIA FUJIMORI HIGUCHI,2021-06-08T00:54:00Z,94.10199999999999
CUSCO,ANTA,00000014,PARTIDO POLITICO NACIONAL PERU LIBRE,31067,88.29400000000001,83.051,JOSE PEDRO CASTILLO TERRONES,2021-06-08T00:54:00Z,94.10199999999999
CUSCO,ANTA,00000007,FUERZA POPULAR,4119,11.706,11.011,KEIKO SOFIA FUJIMORI HIGUCHI,2021-06-08T00:54:00Z,94.10199999999999
CUSCO,CALCA,00000014,PARTIDO POLITICO NACIONAL PERU LIBRE,33987,87.589,82.752,JOSE PEDRO CASTILLO TERRONES,2021-06-08T00:54:00Z,94.10199999999999
CUSCO,CALCA,00000007,FUERZA POPULAR,4816,12.411,11.725999999999999,KEIKO SOFIA FUJIMORI HIGUCHI,2021-06-08T00:54:00Z,94.10199999999999
CUSCO,CANAS,00000014,PARTIDO POLITICO NACIONAL PERU LIBRE,20979,95.637,91.364,JOSE PEDRO CASTILLO TERRONES,2021-06-08T00:54:00Z,94.10199999999999
CUSCO,CANAS,00000007,FUERZA POPULAR,957,4.3629999999999995,4.167999999999999,KEIKO SOFIA FUJIMORI HIGUCHI,2021-06-08T00:54:00Z,94.10199999999999
CUSCO,CANCHIS,00000014,PARTIDO POLITICO NACIONAL PERU LIBRE,54722,91.74000000000001,87.57799999999999,JOSE PEDRO CASTILLO TERRONES,2021-06-08T00:54:00Z,94.10199999999999
CUSCO,CANCHIS,00000007,FUERZA POPULAR,4927,8.26,7.885,KEIKO SOFIA FUJIMORI HIGUCHI,2021-06-08T00:54:00Z,94.10199999999999
CUSCO,CHUMBIVILCAS,00000014,PARTIDO POLITICO NACIONAL PERU LIBRE,37205,96.458,91.726,JOSE PEDRO CASTILLO TERRONES,2021-06-08T00:54:00Z,94.10199999999999
CUSCO,CHUMBIVILCAS,00000007,FUERZA POPULAR,1366,3.542,3.368,KEIKO SOFIA FUJIMORI HIGUCHI,2021-06-08T00:54:00Z,94.10199999999999
CUSCO,ESPINAR,00000014,PARTIDO POLITICO NACIONAL PERU LIBRE,31461,92.212,87.34100000000001,JOSE PEDRO CASTILLO TERRONES,2021-06-08T00:54:00Z,94.10199999999999
CUSCO,ESPINAR,00000007,FUERZA POPULAR,2657,7.788,7.376,KEIKO SOFIA FUJIMORI HIGUCHI,2021-06-08T00:54:00Z,94.10199999999999
CUSCO,LA CONVENCION,00000014,PARTIDO POLITICO NACIONAL PERU LIBRE,42699,83.46700000000001,79.634,JOSE PEDRO CASTILLO TERRONES,2021-06-08T00:54:00Z,94.10199999999999
CUSCO,LA CONVENCION,00000007,FUERZA POPULAR,8458,16.533,15.774,KEIKO SOFIA FUJIMORI HIGUCHI,2021-06-08T00:54:00Z,94.10199999999999
CUSCO,PARURO,00000014,PARTIDO POLITICO NACIONAL PERU LIBRE,14739,92.113,86.65899999999999,JOSE PEDRO CASTILLO TERRONES,2021-06-08T00:54:00Z,94.10199999999999
CUSCO,PARURO,00000007,FUERZA POPULAR,1262,7.887,7.42,KEIKO SOFIA FUJIMORI HIGUCHI,2021-06-08T00:54:00Z,94.10199999999999
CUSCO,PAUCARTAMBO,00000014,PARTIDO POLITICO NACIONAL PERU LIBRE,23356,92.48400000000001,87.52199999999999,JOSE PEDRO CASTILLO TERRONES,2021-06-08T00:54:00Z,94.10199999999999
CUSCO,PAUCARTAMBO,00000007,FUERZA POPULAR,1898,7.516,7.111999999999999,KEIKO SOFIA FUJIMORI HIGUCHI,2021-06-08T00:54:00Z,94.10199999999999
CUSCO,QUISPICANCHI,00000014,PARTIDO POLITICO NACIONAL PERU LIBRE,45833,89.796,85.377,JOSE PEDRO CASTILLO TERRONES,2021-06-08T00:54:00Z,94.10199999999999
CUSCO,QUISPICANCHI,00000007,FUERZA POPULAR,5208,10.203999999999999,9.700999999999999,KEIKO SOFIA FUJIMORI HIGUCHI,2021-06-08T00:54:00Z,94.10199999999999
CUSCO,URUBAMBA,00000014,PARTIDO POLITICO NACIONAL PERU LIBRE,35261,86.56,82.209,JOSE PEDRO CASTILLO TERRONES,2021-06-08T00:54:00Z,94.10199999999999
CUSCO,URUBAMBA,00000007,FUERZA POPULAR,5475,13.44,12.765,KEIKO SOFIA FUJIMORI HIGUCHI,2021-06-08T00:54:00Z,94.10199999999999
HUANCAVELICA,HUANCAVELICA,00000014,PARTIDO POLITICO NACIONAL PERU LIBRE,58343,88.111,84.016,JOSE PEDRO CASTILLO TERRONES,2021-06-08T00:54:00Z,94.10199999999999
HUANCAVELICA,HUANCAVELICA,00000007,FUERZA POPULAR,7872,11.889000000000001,11.336,KEIKO SOFIA FUJIMORI HIGUCHI,2021-06-08T00:54:00Z,94.10199999999999
HUANCAVELICA,ACOBAMBA,00000014,PARTIDO POLITICO NACIONAL PERU LIBRE,18936,87.194,82.842,JOSE PEDRO CASTILLO TERRONES,2021-06-08T00:54:00Z,94.10199999999999
HUANCAVELICA,ACOBAMBA,00000007,FUERZA POPULAR,2781,12.806000000000001,12.166,KEIKO SOFIA FUJIMORI HIGUCHI,2021-06-08T00:54:00Z,94.10199999999999
HUANCAVELICA,ANGARAES,00000014,PARTIDO POLITICO NACIONAL PERU LIBRE,22351,88.77499999999999,83.765,JOSE PEDRO CASTILLO TERRONES,2021-06-08T00:54:00Z,94.10199999999999
HUANCAVELICA,ANGARAES,00000007,FUERZA POPULAR,2826,11.225,10.591,KEIKO SOFIA FUJIMORI HIGUCHI,2021-06-08T00:54:00Z,94.10199999999999
HUANCAVELICA,CASTROVIRREYNA,00000014,PARTIDO POLITICO NACIONAL PERU LIBRE,6091,67.543,64.46900000000001,JOSE PEDRO CASTILLO TERRONES,2021-06-08T00:54:00Z,94.10199999999999
HUANCAVELICA,CASTROVIRREYNA,00000007,FUERZA POPULAR,2927,32.456999999999994,30.979999999999997,KEIKO SOFIA FUJIMORI HIGUCHI,2021-06-08T00:54:00Z,94.10199999999999
HUANCAVELICA,TAYACAJA,00000014,PARTIDO POLITICO NACIONAL PERU LIBRE,37703,84.30499999999999,79.542,JOSE PEDRO CASTILLO TERRONES,2021-06-08T00:54:00Z,94.10199999999999
HUANCAVELICA,TAYACAJA,00000007,FUERZA POPULAR,7019,15.695,14.808,KEIKO SOFIA FUJIMORI HIGUCHI,2021-06-08T00:54:00Z,94.10199999999999
HUANCAVELICA,HUAYTARA,00000014,PARTIDO POLITICO NACIONAL PERU LIBRE,6694,67.49300000000001,64.09400000000001,JOSE PEDRO CASTILLO TERRONES,2021-06-08T00:54:00Z,94.10199999999999
HUANCAVELICA,HUAYTARA,00000007,FUERZA POPULAR,3224,32.507,30.869,KEIKO SOFIA FUJIMORI HIGUCHI,2021-06-08T00:54:00Z,94.10199999999999
HUANCAVELICA,CHURCAMPA,00000014,PARTIDO POLITICO NACIONAL PERU LIBRE,3895,86.44000000000001,81.537,JOSE PEDRO CASTILLO TERRONES,2021-06-08T00:54:00Z,94.10199999999999
HUANCAVELICA,CHURCAMPA,00000007,FUERZA POPULAR,611,13.56,12.79,KEIKO SOFIA FUJIMORI HIGUCHI,2021-06-08T00:54:00Z,94.10199999999999
HUANUCO,HUANUCO,00000014,PARTIDO POLITICO NACIONAL PERU LIBRE,100000,63.95099999999999,59.237,JOSE PEDRO CASTILLO TERRONES,2021-06-08T00:54:00Z,94.10199999999999
HUANUCO,HUANUCO,00000007,FUERZA POPULAR,56369,36.049,33.391,KEIKO SOFIA FUJIMORI HIGUCHI,2021-06-08T00:54:00Z,94.10199999999999
HUANUCO,AMBO,00000014,PARTIDO POLITICO NACIONAL PERU LIBRE,19053,67.67199999999998,62.896,JOSE PEDRO CASTILLO TERRONES,2021-06-08T00:54:00Z,94.10199999999999
HUANUCO,AMBO,00000007,FUERZA POPULAR,9102,32.328,30.047,KEIKO SOFIA FUJIMORI HIGUCHI,2021-06-08T00:54:00Z,94.10199999999999
HUANUCO,DOS DE MAYO,00000014,PARTIDO POLITICO NACIONAL PERU LIBRE,13371,80.85,75.95400000000001,JOSE PEDRO CASTILLO TERRONES,2021-06-08T00:54:00Z,94.10199999999999
HUANUCO,DOS DE MAYO,00000007,FUERZA POPULAR,3167,19.150000000000002,17.99,KEIKO SOFIA FUJIMORI HIGUCHI,2021-06-08T00:54:00Z,94.10199999999999
HUANUCO,HUAMALIES,00000014,PARTIDO POLITICO NACIONAL PERU LIBRE,20869,82.67199999999998,77.459,JOSE PEDRO CASTILLO TERRONES,2021-06-08T00:54:00Z,94.10199999999999
HUANUCO,HUAMALIES,00000007,FUERZA POPULAR,4374,17.328,16.235,KEIKO SOFIA FUJIMORI HIGUCHI,2021-06-08T00:54:00Z,94.10199999999999
HUANUCO,MARAÑON,00000014,PARTIDO POLITICO NACIONAL PERU LIBRE,8470,69.46000000000001,64.381,JOSE PEDRO CASTILLO TERRONES,2021-06-08T00:54:00Z,94.10199999999999
HUANUCO,MARAÑON,00000007,FUERZA POPULAR,3724,30.54,28.306,KEIKO SOFIA FUJIMORI HIGUCHI,2021-06-08T00:54:00Z,94.10199999999999
HUANUCO,LEONCIO PRADO,00000014,PARTIDO POLITICO NACIONAL PERU LIBRE,36413,54.324,50.644,JOSE PEDRO CASTILLO TERRONES,2021-06-08T00:54:00Z,94.10199999999999
HUANUCO,LEONCIO PRADO,00000007,FUERZA POPULAR,30616,45.676,42.580999999999996,KEIKO SOFIA FUJIMORI HIGUCHI,2021-06-08T00:54:00Z,94.10199999999999
HUANUCO,PACHITEA,00000014,PARTIDO POLITICO NACIONAL PERU LIBRE,20315,81.754,76.021,JOSE PEDRO CASTILLO TERRONES,2021-06-08T00:54:00Z,94.10199999999999
HUANUCO,PACHITEA,00000007,FUERZA POPULAR,4534,18.246,16.967,KEIKO SOFIA FUJIMORI HIGUCHI,2021-06-08T00:54:00Z,94.10199999999999
HUANUCO,PUERTO INCA,00000014,PARTIDO POLITICO NACIONAL PERU LIBRE,9182,61.612,57.07,JOSE PEDRO CASTILLO TERRONES,2021-06-08T00:54:00Z,94.10199999999999
HUANUCO,PUERTO INCA,00000007,FUERZA POPULAR,5721,38.388,35.558,KEIKO SOFIA FUJIMORI HIGUCHI,2021-06-08T00:54:00Z,94.10199999999999
HUANUCO,HUACAYBAMBA,00000014,PARTIDO POLITICO NACIONAL PERU LIBRE,5666,83.20100000000001,76.74400000000001,JOSE PEDRO CASTILLO TERRONES,2021-06-08T00:54:00Z,94.10199999999999
HUANUCO,HUACAYBAMBA,00000007,FUERZA POPULAR,1144,16.799,15.495000000000001,KEIKO SOFIA FUJIMORI HIGUCHI,2021-06-08T00:54:00Z,94.10199999999999
HUANUCO,LAURICOCHA,00000014,PARTIDO POLITICO NACIONAL PERU LIBRE,8868,85.648,82.187,JOSE PEDRO CASTILLO TERRONES,2021-06-08T00:54:00Z,94.10199999999999
HUANUCO,LAURICOCHA,00000007,FUERZA POPULAR,1486,14.352000000000002,13.772,KEIKO SOFIA FUJIMORI HIGUCHI,2021-06-08T00:54:00Z,94.10199999999999
HUANUCO,YAROWILCA,00000014,PARTIDO POLITICO NACIONAL PERU LIBRE,12590,90.785,86.792,JOSE PEDRO CASTILLO TERRONES,2021-06-08T00:54:00Z,94.10199999999999
HUANUCO,YAROWILCA,00000007,FUERZA POPULAR,1278,9.215,8.81,KEIKO SOFIA FUJIMORI HIGUCHI,2021-06-08T00:54:00Z,94.10199999999999
ICA,ICA,00000014,PARTIDO POLITICO NACIONAL PERU LIBRE,105233,47.002,44.609,JOSE PEDRO CASTILLO TERRONES,2021-06-08T00:54:00Z,94.10199999999999
ICA,ICA,00000007,FUERZA POPULAR,118658,52.998000000000005,50.3,KEIKO SOFIA FUJIMORI HIGUCHI,2021-06-08T00:54:00Z,94.10199999999999
ICA,CHINCHA,00000014,PARTIDO POLITICO NACIONAL PERU LIBRE,60524,46.764,43.83,JOSE PEDRO CASTILLO TERRONES,2021-06-08T00:54:00Z,94.10199999999999
ICA,CHINCHA,00000007,FUERZA POPULAR,68899,53.236000000000004,49.895,KEIKO SOFIA FUJIMORI HIGUCHI,2021-06-08T00:54:00Z,94.10199999999999
ICA,NAZCA,00000014,PARTIDO POLITICO NACIONAL PERU LIBRE,19864,48.991,46.676,JOSE PEDRO CASTILLO TERRONES,2021-06-08T00:54:00Z,94.10199999999999
ICA,NAZCA,00000007,FUERZA POPULAR,20682,51.009,48.598000000000006,KEIKO SOFIA FUJIMORI HIGUCHI,2021-06-08T00:54:00Z,94.10199999999999
ICA,PISCO,00000014,PARTIDO POLITICO NACIONAL PERU LIBRE,41898,49.004,46.197,JOSE PEDRO CASTILLO TERRONES,2021-06-08T00:54:00Z,94.10199999999999
ICA,PISCO,00000007,FUERZA POPULAR,43602,50.996,48.076,KEIKO SOFIA FUJIMORI HIGUCHI,2021-06-08T00:54:00Z,94.10199999999999
ICA,PALPA,00000014,PARTIDO POLITICO NACIONAL PERU LIBRE,4289,50.264,48.327,JOSE PEDRO CASTILLO TERRONES,2021-06-08T00:54:00Z,94.10199999999999
ICA,PALPA,00000007,FUERZA POPULAR,4244,49.736000000000004,47.82,KEIKO SOFIA FUJIMORI HIGUCHI,2021-06-08T00:54:00Z,94.10199999999999
JUNIN,HUANCAYO,00000014,PARTIDO POLITICO NACIONAL PERU LIBRE,186337,59.8,56.083999999999996,JOSE PEDRO CASTILLO TERRONES,2021-06-08T00:54:00Z,94.10199999999999
JUNIN,HUANCAYO,00000007,FUERZA POPULAR,125265,40.2,37.703,KEIKO SOFIA FUJIMORI HIGUCHI,2021-06-08T00:54:00Z,94.10199999999999
JUNIN,CONCEPCION,00000014,PARTIDO POLITICO NACIONAL PERU LIBRE,17948,56.876999999999995,53.22200000000001,JOSE PEDRO CASTILLO TERRONES,2021-06-08T00:54:00Z,94.10199999999999
JUNIN,CONCEPCION,00000007,FUERZA POPULAR,13608,43.123000000000005,40.352,KEIKO SOFIA FUJIMORI HIGUCHI,2021-06-08T00:54:00Z,94.10199999999999
JUNIN,JAUJA,00000014,PARTIDO POLITICO NACIONAL PERU LIBRE,24532,51.489,47.833999999999996,JOSE PEDRO CASTILLO TERRONES,2021-06-08T00:54:00Z,94.10199999999999
JUNIN,JAUJA,00000007,FUERZA POPULAR,23113,48.510999999999996,45.067,KEIKO SOFIA FUJIMORI HIGUCHI,2021-06-08T00:54:00Z,94.10199999999999
JUNIN,JUNIN,00000014,PARTIDO POLITICO NACIONAL PERU LIBRE,7902,68.121,63.186,JOSE PEDRO CASTILLO TERRONES,2021-06-08T00:54:00Z,94.10199999999999
JUNIN,JUNIN,00000007,FUERZA POPULAR,3698,31.879,29.57,KEIKO SOFIA FUJIMORI HIGUCHI,2021-06-08T00:54:00Z,94.10199999999999
JUNIN,TARMA,00000014,PARTIDO POLITICO NACIONAL PERU LIBRE,25903,51.502,47.891,JOSE PEDRO CASTILLO TERRONES,2021-06-08T00:54:00Z,94.10199999999999
JUNIN,TARMA,00000007,FUERZA POPULAR,24392,48.498000000000005,45.098000000000006,KEIKO SOFIA FUJIMORI HIGUCHI,2021-06-08T00:54:00Z,94.10199999999999
JUNIN,YAULI,00000014,PARTIDO POLITICO NACIONAL PERU LIBRE,12731,67.47,63.272000000000006,JOSE PEDRO CASTILLO TERRONES,2021-06-08T00:54:00Z,94.10199999999999
JUNIN,YAULI,00000007,FUERZA POPULAR,6138,32.53,30.505,KEIKO SOFIA FUJIMORI HIGUCHI,2021-06-08T00:54:00Z,94.10199999999999
JUNIN,SATIPO,00000014,PARTIDO POLITICO NACIONAL PERU LIBRE,42493,55.53,51.455999999999996,JOSE PEDRO CASTILLO TERRONES,2021-06-08T00:54:00Z,94.10199999999999
JUNIN,SATIPO,00000007,FUERZA POPULAR,34029,44.47,41.207,KEIKO SOFIA FUJIMORI HIGUCHI,2021-06-08T00:54:00Z,94.10199999999999
JUNIN,CHANCHAMAYO,00000014,PARTIDO POLITICO NACIONAL PERU LIBRE,43488,53.418,49.755,JOSE PEDRO CASTILLO TERRONES,2021-06-08T00:54:00Z,94.10199999999999
JUNIN,CHANCHAMAYO,00000007,FUERZA POPULAR,37922,46.582,43.38699999999999,KEIKO SOFIA FUJIMORI HIGUCHI,2021-06-08T00:54:00Z,94.10199999999999
JUNIN,CHUPACA,00000014,PARTIDO POLITICO NACIONAL PERU LIBRE,23587,68.07199999999999,64.17899999999999,JOSE PEDRO CASTILLO TERRONES,2021-06-08T00:54:00Z,94.10199999999999
JUNIN,CHUPACA,00000007,FUERZA POPULAR,11063,31.927999999999997,30.102,KEIKO SOFIA FUJIMORI HIGUCHI,2021-06-08T00:54:00Z,94.10199999999999
LA LIBERTAD,TRUJILLO,00000014,PARTIDO POLITICO NACIONAL PERU LIBRE,186376,33.62500000000001,31.193,JOSE PEDRO CASTILLO TERRONES,2021-06-08T00:54:00Z,94.10199999999999
LA LIBERTAD,TRUJILLO,00000007,FUERZA POPULAR,367901,66.37499999999999,61.574,KEIKO SOFIA FUJIMORI HIGUCHI,2021-06-08T00:54:00Z,94.10199999999999
LA LIBERTAD,BOLIVAR,00000014,PARTIDO POLITICO NACIONAL PERU LIBRE,3428,61.978,58.27,JOSE PEDRO CASTILLO TERRONES,2021-06-08T00:54:00Z,94.10199999999999
LA LIBERTAD,BOLIVAR,00000007,FUERZA POPULAR,2103,38.022000000000006,35.747,KEIKO SOFIA FUJIMORI HIGUCHI,2021-06-08T00:54:00Z,94.10199999999999
LA LIBERTAD,SANCHEZ CARRION,00000014,PARTIDO POLITICO NACIONAL PERU LIBRE,33484,50.918,45.825,JOSE PEDRO CASTILLO TERRONES,2021-06-08T00:54:00Z,94.10199999999999
LA LIBERTAD,SANCHEZ CARRION,00000007,FUERZA POPULAR,32277,49.082,44.173,KEIKO SOFIA FUJIMORI HIGUCHI,2021-06-08T00:54:00Z,94.10199999999999
LA LIBERTAD,OTUZCO,00000014,PARTIDO POLITICO NACIONAL PERU LIBRE,22808,52.53,47.916,JOSE PEDRO CASTILLO TERRONES,2021-06-08T00:54:00Z,94.10199999999999
LA LIBERTAD,OTUZCO,00000007,FUERZA POPULAR,20611,47.47,43.3,KEIKO SOFIA FUJIMORI HIGUCHI,2021-06-08T00:54:00Z,94.10199999999999
LA LIBERTAD,PACASMAYO,00000014,PARTIDO POLITICO NACIONAL PERU LIBRE,23596,42.756,39.521,JOSE PEDRO CASTILLO TERRONES,2021-06-08T00:54:00Z,94.10199999999999
LA LIBERTAD,PACASMAYO,00000007,FUERZA POPULAR,31592,57.244,52.913,KEIKO SOFIA FUJIMORI HIGUCHI,2021-06-08T00:54:00Z,94.10199999999999
LA LIBERTAD,PATAZ,00000014,PARTIDO POLITICO NACIONAL PERU LIBRE,17408,57.899,52.822,JOSE PEDRO CASTILLO TERRONES,2021-06-08T00:54:00Z,94.10199999999999
LA LIBERTAD,PATAZ,00000007,FUERZA POPULAR,12658,42.101,38.409,KEIKO SOFIA FUJIMORI HIGUCHI,2021-06-08T00:54:00Z,94.10199999999999
LA LIBERTAD,SANTIAGO DE CHUCO,00000014,PARTIDO POLITICO NACIONAL PERU LIBRE,13560,56.259,51.573,JOSE PEDRO CASTILLO TERRONES,2021-06-08T00:54:00Z,94.10199999999999
LA LIBERTAD,SANTIAGO DE CHUCO,00000007,FUERZA POPULAR,10543,43.741,40.098000000000006,KEIKO SOFIA FUJIMORI HIGUCHI,2021-06-08T00:54:00Z,94.10199999999999
LA LIBERTAD,ASCOPE,00000014,PARTIDO POLITICO NACIONAL PERU LIBRE,27260,39.994,37.41,JOSE PEDRO CASTILLO TERRONES,2021-06-08T00:54:00Z,94.10199999999999
LA LIBERTAD,ASCOPE,00000007,FUERZA POPULAR,40901,60.006,56.13,KEIKO SOFIA FUJIMORI HIGUCHI,2021-06-08T00:54:00Z,94.10199999999999
LA LIBERTAD,CHEPEN,00000014,PARTIDO POLITICO NACIONAL PERU LIBRE,19868,43.63,40.626000000000005,JOSE PEDRO CASTILLO TERRONES,2021-06-08T00:54:00Z,94.10199999999999
LA LIBERTAD,CHEPEN,00000007,FUERZA POPULAR,25669,56.37,52.486999999999995,KEIKO SOFIA FUJIMORI HIGUCHI,2021-06-08T00:54:00Z,94.10199999999999
LA LIBERTAD,JULCAN,00000014,PARTIDO POLITICO NACIONAL PERU LIBRE,8506,56.053,51.974,JOSE PEDRO CASTILLO TERRONES,2021-06-08T00:54:00Z,94.10199999999999
LA LIBERTAD,JULCAN,00000007,FUERZA POPULAR,6669,43.946999999999996,40.749,KEIKO SOFIA FUJIMORI HIGUCHI,2021-06-08T00:54:00Z,94.10199999999999
LA LIBERTAD,GRAN CHIMU,00000014,PARTIDO POLITICO NACIONAL PERU LIBRE,4106,31.767999999999997,29.087999999999997,JOSE PEDRO CASTILLO TERRONES,2021-06-08T00:54:00Z,94.10199999999999
LA LIBERTAD,GRAN CHIMU,00000007,FUERZA POPULAR,8819,68.232,62.475,KEIKO SOFIA FUJIMORI HIGUCHI,2021-06-08T00:54:00Z,94.10199999999999
LA LIBERTAD,VIRU,00000014,PARTIDO POLITICO NACIONAL PERU LIBRE,27318,56.179,51.421,JOSE PEDRO CASTILLO TERRONES,2021-06-08T00:54:00Z,94.10199999999999
LA LIBERTAD,VIRU,00000007,FUERZA POPULAR,21309,43.821,40.11,KEIKO SOFIA FUJIMORI HIGUCHI,2021-06-08T00:54:00Z,94.10199999999999
LAMBAYEQUE,CHICLAYO,00000014,PARTIDO POLITICO NACIONAL PERU LIBRE,189960,40.327,37.399,JOSE PEDRO CASTILLO TERRONES,2021-06-08T00:54:00Z,94.10199999999999
LAMBAYEQUE,CHICLAYO,00000007,FUERZA POPULAR,281085,59.673,55.339999999999996,KEIKO SOFIA FUJIMORI HIGUCHI,2021-06-08T00:54:00Z,94.10199999999999
LAMBAYEQUE,FERREÑAFE,00000014,PARTIDO POLITICO NACIONAL PERU LIBRE,26528,51.338,47.660000000000004,JOSE PEDRO CASTILLO TERRONES,2021-06-08T00:54:00Z,94.10199999999999
LAMBAYEQUE,FERREÑAFE,00000007,FUERZA POPULAR,25145,48.662000000000006,45.175000000000004,KEIKO SOFIA FUJIMORI HIGUCHI,2021-06-08T00:54:00Z,94.10199999999999
LAMBAYEQUE,LAMBAYEQUE,00000014,PARTIDO POLITICO NACIONAL PERU LIBRE,71926,43.093,40.274,JOSE PEDRO CASTILLO TERRONES,2021-06-08T00:54:00Z,94.10199999999999
LAMBAYEQUE,LAMBAYEQUE,00000007,FUERZA POPULAR,94982,56.907,53.184,KEIKO SOFIA FUJIMORI HIGUCHI,2021-06-08T00:54:00Z,94.10199999999999
LIMA,LIMA,00000014,PARTIDO POLITICO NACIONAL PERU LIBRE,1901093,34.323,32.258,JOSE PEDRO CASTILLO TERRONES,2021-06-08T00:54:00Z,94.10199999999999
LIMA,LIMA,00000007,FUERZA POPULAR,3637802,65.67699999999999,61.727000000000004,KEIKO SOFIA FUJIMORI HIGUCHI,2021-06-08T00:54:00Z,94.10199999999999
LIMA,CAJATAMBO,00000014,PARTIDO POLITICO NACIONAL PERU LIBRE,1437,45.104,42.03,JOSE PEDRO CASTILLO TERRONES,2021-06-08T00:54:00Z,94.10199999999999
LIMA,CAJATAMBO,00000007,FUERZA POPULAR,1749,54.896,51.155,KEIKO SOFIA FUJIMORI HIGUCHI,2021-06-08T00:54:00Z,94.10199999999999
LIMA,CANTA,00000014,PARTIDO POLITICO NACIONAL PERU LIBRE,4295,52.105000000000004,49.562000000000005,JOSE PEDRO CASTILLO TERRONES,2021-06-08T00:54:00Z,94.10199999999999
LIMA,CANTA,00000007,FUERZA POPULAR,3948,47.895,45.556999999999995,KEIKO SOFIA FUJIMORI HIGUCHI,2021-06-08T00:54:00Z,94.10199999999999
LIMA,CAÑETE,00000014,PARTIDO POLITICO NACIONAL PERU LIBRE,62048,45.342,42.818,JOSE PEDRO CASTILLO TERRONES,2021-06-08T00:54:00Z,94.10199999999999
LIMA,CAÑETE,00000007,FUERZA POPULAR,74797,54.658,51.616,KEIKO SOFIA FUJIMORI HIGUCHI,2021-06-08T00:54:00Z,94.10199999999999
LIMA,HUAURA,00000014,PARTIDO POLITICO NACIONAL PERU LIBRE,58773,46.37,43.395,JOSE PEDRO CASTILLO TERRONES,2021-06-08T00:54:00Z,94.10199999999999
LIMA,HUAURA,00000007,FUERZA POPULAR,67974,53.63,50.189,KEIKO SOFIA FUJIMORI HIGUCHI,2021-06-08T00:54:00Z,94.10199999999999
LIMA,HUAROCHIRI,00000014,PARTIDO POLITICO NACIONAL PERU LIBRE,33291,53.113,50.248000000000005,JOSE PEDRO CASTILLO TERRONES,2021-06-08T00:54:00Z,94.10199999999999
LIMA,HUAROCHIRI,00000007,FUERZA POPULAR,29388,46.88699999999999,44.35699999999999,KEIKO SOFIA FUJIMORI HIGUCHI,2021-06-08T00:54:00Z,94.10199999999999
LIMA,YAUYOS,00000014,PARTIDO POLITICO NACIONAL PERU LIBRE,7645,59.282000000000004,56.504,JOSE PEDRO CASTILLO TERRONES,2021-06-08T00:54:00Z,94.10199999999999
LIMA,YAUYOS,00000007,FUERZA POPULAR,5251,40.718,38.809999999999995,KEIKO SOFIA FUJIMORI HIGUCHI,2021-06-08T00:54:00Z,94.10199999999999
LIMA,HUARAL,00000014,PARTIDO POLITICO NACIONAL PERU LIBRE,47123,43.518,40.458999999999996,JOSE PEDRO CASTILLO TERRONES,2021-06-08T00:54:00Z,94.10199999999999
LIMA,HUARAL,00000007,FUERZA POPULAR,61160,56.482,52.51,KEIKO SOFIA FUJIMORI HIGUCHI,2021-06-08T00:54:00Z,94.10199999999999
LIMA,BARRANCA,00000014,PARTIDO POLITICO NACIONAL PERU LIBRE,36049,44.1,41.221000000000004,JOSE PEDRO CASTILLO TERRONES,2021-06-08T00:54:00Z,94.10199999999999
LIMA,BARRANCA,00000007,FUERZA POPULAR,45695,55.9,52.25,KEIKO SOFIA FUJIMORI HIGUCHI,2021-06-08T00:54:00Z,94.10199999999999
LIMA,OYON,00000014,PARTIDO POLITICO NACIONAL PERU LIBRE,4419,55.362,52.42,JOSE PEDRO CASTILLO TERRONES,2021-06-08T00:54:00Z,94.10199999999999
LIMA,OYON,00000007,FUERZA POPULAR,3563,44.638000000000005,42.266000000000005,KEIKO SOFIA FUJIMORI HIGUCHI,2021-06-08T00:54:00Z,94.10199999999999
LORETO,MAYNAS,00000014,PARTIDO POLITICO NACIONAL PERU LIBRE,99536,44.215,41.101,JOSE PEDRO CASTILLO TERRONES,2021-06-08T00:54:00Z,94.10199999999999
LORETO,MAYNAS,00000007,FUERZA POPULAR,125582,55.785000000000004,51.85699999999999,KEIKO SOFIA FUJIMORI HIGUCHI,2021-06-08T00:54:00Z,94.10199999999999
LORETO,ALTO AMAZONAS,00000014,PARTIDO POLITICO NACIONAL PERU LIBRE,35743,69.089,64.782,JOSE PEDRO CASTILLO TERRONES,2021-06-08T00:54:00Z,94.10199999999999
LORETO,ALTO AMAZONAS,00000007,FUERZA POPULAR,15992,30.911,28.984999999999996,KEIKO SOFIA FUJIMORI HIGUCHI,2021-06-08T00:54:00Z,94.10199999999999
LORETO,LORETO,00000014,PARTIDO POLITICO NACIONAL PERU LIBRE,10824,45.056999999999995,42.534,JOSE PEDRO CASTILLO TERRONES,2021-06-08T00:54:00Z,94.10199999999999
LORETO,LORETO,00000007,FUERZA POPULAR,13199,54.943,51.867,KEIKO SOFIA FUJIMORI HIGUCHI,2021-06-08T00:54:00Z,94.10199999999999
LORETO,REQUENA,00000014,PARTIDO POLITICO NACIONAL PERU LIBRE,8497,36.283,34.745000000000005,JOSE PEDRO CASTILLO TERRONES,2021-06-08T00:54:00Z,94.10199999999999
LORETO,REQUENA,00000007,FUERZA POPULAR,14922,63.717,61.018,KEIKO SOFIA FUJIMORI HIGUCHI,2021-06-08T00:54:00Z,94.10199999999999
LORETO,UCAYALI,00000014,PARTIDO POLITICO NACIONAL PERU LIBRE,12527,57.037,54.306999999999995,JOSE PEDRO CASTILLO TERRONES,2021-06-08T00:54:00Z,94.10199999999999
LORETO,UCAYALI,00000007,FUERZA POPULAR,9436,42.963,40.907,KEIKO SOFIA FUJIMORI HIGUCHI,2021-06-08T00:54:00Z,94.10199999999999
LORETO,MARISCAL RAMON CASTILLA,00000014,PARTIDO POLITICO NACIONAL PERU LIBRE,5618,29.352,25.366,JOSE PEDRO CASTILLO TERRONES,2021-06-08T00:54:00Z,94.10199999999999
LORETO,MARISCAL RAMON CASTILLA,00000007,FUERZA POPULAR,13522,70.648,61.053,KEIKO SOFIA FUJIMORI HIGUCHI,2021-06-08T00:54:00Z,94.10199999999999
LORETO,DATEM DEL MARAÑON,00000014,PARTIDO POLITICO NACIONAL PERU LIBRE,765,95.149,89.57799999999999,JOSE PEDRO CASTILLO TERRONES,2021-06-08T00:54:00Z,94.10199999999999
LORETO,DATEM DEL MARAÑON,00000007,FUERZA POPULAR,39,4.851,4.566999999999999,KEIKO SOFIA FUJIMORI HIGUCHI,2021-06-08T00:54:00Z,94.10199999999999
LORETO,PUTUMAYO,00000014,PARTIDO POLITICO NACIONAL PERU LIBRE,547,33.415,32.482,JOSE PEDRO CASTILLO TERRONES,2021-06-08T00:54:00Z,94.10199999999999
LORETO,PUTUMAYO,00000007,FUERZA POPULAR,1090,66.585,64.727,KEIKO SOFIA FUJIMORI HIGUCHI,2021-06-08T00:54:00Z,94.10199999999999
MADRE DE DIOS,TAMBOPATA,00000014,PARTIDO POLITICO NACIONAL PERU LIBRE,47389,70.607,66.759,JOSE PEDRO CASTILLO TERRONES,2021-06-08T00:54:00Z,94.10199999999999
MADRE DE DIOS,TAMBOPATA,00000007,FUERZA POPULAR,19728,29.393,27.791999999999998,KEIKO SOFIA FUJIMORI HIGUCHI,2021-06-08T00:54:00Z,94.10199999999999
MADRE DE DIOS,MANU,00000014,PARTIDO POLITICO NACIONAL PERU LIBRE,2060,79.56700000000001,76.866,JOSE PEDRO CASTILLO TERRONES,2021-06-08T00:54:00Z,94.10199999999999
MADRE DE DIOS,MANU,00000007,FUERZA POPULAR,529,20.433,19.739,KEIKO SOFIA FUJIMORI HIGUCHI,2021-06-08T00:54:00Z,94.10199999999999
MADRE DE DIOS,TAHUAMANU,00000014,PARTIDO POLITICO NACIONAL PERU LIBRE,3328,64.509,58.509,JOSE PEDRO CASTILLO TERRONES,2021-06-08T00:54:00Z,94.10199999999999
MADRE DE DIOS,TAHUAMANU,00000007,FUERZA POPULAR,1831,35.491,32.191,KEIKO SOFIA FUJIMORI HIGUCHI,2021-06-08T00:54:00Z,94.10199999999999
MOQUEGUA,MARISCAL NIETO,00000014,PARTIDO POLITICO NACIONAL PERU LIBRE,42134,78.569,74.556,JOSE PEDRO CASTILLO TERRONES,2021-06-08T00:54:00Z,94.10199999999999
MOQUEGUA,MARISCAL NIETO,00000007,FUERZA POPULAR,11493,21.431,20.337000000000003,KEIKO SOFIA FUJIMORI HIGUCHI,2021-06-08T00:54:00Z,94.10199999999999
MOQUEGUA,GENERAL SANCHEZ CERRO,00000014,PARTIDO POLITICO NACIONAL PERU LIBRE,7713,84.982,81.792,JOSE PEDRO CASTILLO TERRONES,2021-06-08T00:54:00Z,94.10199999999999
MOQUEGUA,GENERAL SANCHEZ CERRO,00000007,FUERZA POPULAR,1363,15.017999999999999,14.454,KEIKO SOFIA FUJIMORI HIGUCHI,2021-06-08T00:54:00Z,94.10199999999999
MOQUEGUA,ILO,00000014,PARTIDO POLITICO NACIONAL PERU LIBRE,30210,64.636,60.836999999999996,JOSE PEDRO CASTILLO TERRONES,2021-06-08T00:54:00Z,94.10199999999999
MOQUEGUA,ILO,00000007,FUERZA POPULAR,16529,35.364,33.286,KEIKO SOFIA FUJIMORI HIGUCHI,2021-06-08T00:54:00Z,94.10199999999999
PASCO,PASCO,00000014,PARTIDO POLITICO NACIONAL PERU LIBRE,51093,75.6,71.09,JOSE PEDRO CASTILLO TERRONES,2021-06-08T00:54:00Z,94.10199999999999
PASCO,PASCO,00000007,FUERZA POPULAR,16490,24.4,22.944,KEIKO SOFIA FUJIMORI HIGUCHI,2021-06-08T00:54:00Z,94.10199999999999
PASCO,DANIEL ALCIDES CARRION,00000014,PARTIDO POLITICO NACIONAL PERU LIBRE,12844,85.77,81.40400000000001,JOSE PEDRO CASTILLO TERRONES,2021-06-08T00:54:00Z,94.10199999999999
PASCO,DANIEL ALCIDES CARRION,00000007,FUERZA POPULAR,2131,14.229999999999999,13.506,KEIKO SOFIA FUJIMORI HIGUCHI,2021-06-08T00:54:00Z,94.10199999999999
PASCO,OXAPAMPA,00000014,PARTIDO POLITICO NACIONAL PERU LIBRE,18598,42.62200000000001,39.865,JOSE PEDRO CASTILLO TERRONES,2021-06-08T00:54:00Z,94.10199999999999
PASCO,OXAPAMPA,00000007,FUERZA POPULAR,25037,57.378,53.666000000000004,KEIKO SOFIA FUJIMORI HIGUCHI,2021-06-08T00:54:00Z,94.10199999999999
PIURA,PIURA,00000014,PARTIDO POLITICO NACIONAL PERU LIBRE,146731,35.755,33.276,JOSE PEDRO CASTILLO TERRONES,2021-06-08T00:54:00Z,94.10199999999999
PIURA,PIURA,00000007,FUERZA POPULAR,263647,64.245,59.791000000000004,KEIKO SOFIA FUJIMORI HIGUCHI,2021-06-08T00:54:00Z,94.10199999999999
PIURA,AYABACA,00000014,PARTIDO POLITICO NACIONAL PERU LIBRE,36957,73.17799999999998,69.015,JOSE PEDRO CASTILLO TERRONES,2021-06-08T00:54:00Z,94.10199999999999
PIURA,AYABACA,00000007,FUERZA POPULAR,13546,26.822,25.296,KEIKO SOFIA FUJIMORI HIGUCHI,2021-06-08T00:54:00Z,94.10199999999999
PIURA,HUANCABAMBA,00000014,PARTIDO POLITICO NACIONAL PERU LIBRE,35844,68.887,63.45099999999999,JOSE PEDRO CASTILLO TERRONES,2021-06-08T00:54:00Z,94.10199999999999
PIURA,HUANCABAMBA,00000007,FUERZA POPULAR,16189,31.113000000000003,28.658,KEIKO SOFIA FUJIMORI HIGUCHI,2021-06-08T00:54:00Z,94.10199999999999
PIURA,MORROPON,00000014,PARTIDO POLITICO NACIONAL PERU LIBRE,37797,42.44,39.255,JOSE PEDRO CASTILLO TERRONES,2021-06-08T00:54:00Z,94.10199999999999
PIURA,MORROPON,00000007,FUERZA POPULAR,51262,57.56,53.239000000000004,KEIKO SOFIA FUJIMORI HIGUCHI,2021-06-08T00:54:00Z,94.10199999999999
PIURA,PAITA,00000014,PARTIDO POLITICO NACIONAL PERU LIBRE,27539,41.983,38.913,JOSE PEDRO CASTILLO TERRONES,2021-06-08T00:54:00Z,94.10199999999999
PIURA,PAITA,00000007,FUERZA POPULAR,38057,58.016999999999996,53.775000000000006,KEIKO SOFIA FUJIMORI HIGUCHI,2021-06-08T00:54:00Z,94.10199999999999
PIURA,SULLANA,00000014,PARTIDO POLITICO NACIONAL PERU LIBRE,50089,28.359,26.121000000000002,JOSE PEDRO CASTILLO TERRONES,2021-06-08T00:54:00Z,94.10199999999999
PIURA,SULLANA,00000007,FUERZA POPULAR,126537,71.641,65.989,KEIKO SOFIA FUJIMORI HIGUCHI,2021-06-08T00:54:00Z,94.10199999999999
PIURA,TALARA,00000014,PARTIDO POLITICO NACIONAL PERU LIBRE,31715,43.607,39.899,JOSE PEDRO CASTILLO TERRONES,2021-06-08T00:54:00Z,94.10199999999999
PIURA,TALARA,00000007,FUERZA POPULAR,41014,56.393,51.598000000000006,KEIKO SOFIA FUJIMORI HIGUCHI,2021-06-08T00:54:00Z,94.10199999999999
PIURA,SECHURA,00000014,PARTIDO POLITICO NACIONAL PERU LIBRE,16022,39.19500000000001,37.14,JOSE PEDRO CASTILLO TERRONES,2021-06-08T00:54:00Z,94.10199999999999
PIURA,SECHURA,00000007,FUERZA POPULAR,24856,60.805,57.617,KEIKO SOFIA FUJIMORI HIGUCHI,2021-06-08T00:54:00Z,94.10199999999999
PUNO,PUNO,00000014,PARTIDO POLITICO NACIONAL PERU LIBRE,121683,85.18199999999999,80.803,JOSE PEDRO CASTILLO TERRONES,2021-06-08T00:54:00Z,94.10199999999999
PUNO,PUNO,00000007,FUERZA POPULAR,21168,14.818,14.056000000000001,KEIKO SOFIA FUJIMORI HIGUCHI,2021-06-08T00:54:00Z,94.10199999999999
PUNO,AZANGARO,00000014,PARTIDO POLITICO NACIONAL PERU LIBRE,75730,95.43900000000001,92.242,JOSE PEDRO CASTILLO TERRONES,2021-06-08T00:54:00Z,94.10199999999999
PUNO,AZANGARO,00000007,FUERZA POPULAR,3619,4.561,4.408,KEIKO SOFIA FUJIMORI HIGUCHI,2021-06-08T00:54:00Z,94.10199999999999
PUNO,CARABAYA,00000014,PARTIDO POLITICO NACIONAL PERU LIBRE,29851,89.643,84.93400000000001,JOSE PEDRO CASTILLO TERRONES,2021-06-08T00:54:00Z,94.10199999999999
PUNO,CARABAYA,00000007,FUERZA POPULAR,3449,10.357000000000001,9.813,KEIKO SOFIA FUJIMORI HIGUCHI,2021-06-08T00:54:00Z,94.10199999999999
PUNO,CHUCUITO,00000014,PARTIDO POLITICO NACIONAL PERU LIBRE,42662,93.709,90.296,JOSE PEDRO CASTILLO TERRONES,2021-06-08T00:54:00Z,94.10199999999999
PUNO,CHUCUITO,00000007,FUERZA POPULAR,2864,6.291,6.061999999999999,KEIKO SOFIA FUJIMORI HIGUCHI,2021-06-08T00:54:00Z,94.10199999999999
PUNO,HUANCANE,00000014,PARTIDO POLITICO NACIONAL PERU LIBRE,40688,94.884,90.96600000000001,JOSE PEDRO CASTILLO TERRONES,2021-06-08T00:54:00Z,94.10199999999999
PUNO,HUANCANE,00000007,FUERZA POPULAR,2194,5.116,4.905,KEIKO SOFIA FUJIMORI HIGUCHI,2021-06-08T00:54:00Z,94.10199999999999
PUNO,LAMPA,00000014,PARTIDO POLITICO NACIONAL PERU LIBRE,26177,91.346,87.792,JOSE PEDRO CASTILLO TERRONES,2021-06-08T00:54:00Z,94.10199999999999
PUNO,LAMPA,00000007,FUERZA POPULAR,2480,8.654,8.317,KEIKO SOFIA FUJIMORI HIGUCHI,2021-06-08T00:54:00Z,94.10199999999999
PUNO,MELGAR,00000014,PARTIDO POLITICO NACIONAL PERU LIBRE,39150,93.339,89.26100000000001,JOSE PEDRO CASTILLO TERRONES,2021-06-08T00:54:00Z,94.10199999999999
PUNO,MELGAR,00000007,FUERZA POPULAR,2794,6.661,6.37,KEIKO SOFIA FUJIMORI HIGUCHI,2021-06-08T00:54:00Z,94.10199999999999
PUNO,SANDIA,00000014,PARTIDO POLITICO NACIONAL PERU LIBRE,27808,89.46700000000001,85.38199999999999,JOSE PEDRO CASTILLO TERRONES,2021-06-08T00:54:00Z,94.10199999999999
PUNO,SANDIA,00000007,FUERZA POPULAR,3274,10.533,10.053,KEIKO SOFIA FUJIMORI HIGUCHI,2021-06-08T00:54:00Z,94.10199999999999
PUNO,SAN ROMAN,00000014,PARTIDO POLITICO NACIONAL PERU LIBRE,151157,83.55799999999999,79.809,JOSE PEDRO CASTILLO TERRONES,2021-06-08T00:54:00Z,94.10199999999999
PUNO,SAN ROMAN,00000007,FUERZA POPULAR,29743,16.441999999999997,15.703999999999999,KEIKO SOFIA FUJIMORI HIGUCHI,2021-06-08T00:54:00Z,94.10199999999999
PUNO,YUNGUYO,00000014,PARTIDO POLITICO NACIONAL PERU LIBRE,19071,91.95700000000001,87.46600000000001,JOSE PEDRO CASTILLO TERRONES,2021-06-08T00:54:00Z,94.10199999999999
PUNO,YUNGUYO,00000007,FUERZA POPULAR,1668,8.043,7.6499999999999995,KEIKO SOFIA FUJIMORI HIGUCHI,2021-06-08T00:54:00Z,94.10199999999999
PUNO,SAN ANTONIO DE PUTINA,00000014,PARTIDO POLITICO NACIONAL PERU LIBRE,17280,93.24900000000001,89.65899999999999,JOSE PEDRO CASTILLO TERRONES,2021-06-08T00:54:00Z,94.10199999999999
PUNO,SAN ANTONIO DE PUTINA,00000007,FUERZA POPULAR,1251,6.751,6.4910000000000005,KEIKO SOFIA FUJIMORI HIGUCHI,2021-06-08T00:54:00Z,94.10199999999999
PUNO,EL COLLAO,00000014,PARTIDO POLITICO NACIONAL PERU LIBRE,38871,94.703,91.065,JOSE PEDRO CASTILLO TERRONES,2021-06-08T00:54:00Z,94.10199999999999
PUNO,EL COLLAO,00000007,FUERZA POPULAR,2174,5.297,5.093,KEIKO SOFIA FUJIMORI HIGUCHI,2021-06-08T00:54:00Z,94.10199999999999
PUNO,MOHO,00000014,PARTIDO POLITICO NACIONAL PERU LIBRE,13967,94.692,90.279,JOSE PEDRO CASTILLO TERRONES,2021-06-08T00:54:00Z,94.10199999999999
PUNO,MOHO,00000007,FUERZA POPULAR,783,5.308,5.061,KEIKO SOFIA FUJIMORI HIGUCHI,2021-06-08T00:54:00Z,94.10199999999999
SAN MARTIN,MOYOBAMBA,00000014,PARTIDO POLITICO NACIONAL PERU LIBRE,36838,57.29800000000001,52.660000000000004,JOSE PEDRO CASTILLO TERRONES,2021-06-08T00:54:00Z,94.10199999999999
SAN MARTIN,MOYOBAMBA,00000007,FUERZA POPULAR,27454,42.702000000000005,39.245000000000005,KEIKO SOFIA FUJIMORI HIGUCHI,2021-06-08T00:54:00Z,94.10199999999999
SAN MARTIN,HUALLAGA,00000014,PARTIDO POLITICO NACIONAL PERU LIBRE,7912,58.142,53.294000000000004,JOSE PEDRO CASTILLO TERRONES,2021-06-08T00:54:00Z,94.10199999999999
SAN MARTIN,HUALLAGA,00000007,FUERZA POPULAR,5696,41.858,38.367,KEIKO SOFIA FUJIMORI HIGUCHI,2021-06-08T00:54:00Z,94.10199999999999
SAN MARTIN,LAMAS,00000014,PARTIDO POLITICO NACIONAL PERU LIBRE,23338,54.569,49.550999999999995,JOSE PEDRO CASTILLO TERRONES,2021-06-08T00:54:00Z,94.10199999999999
SAN MARTIN,LAMAS,00000007,FUERZA POPULAR,19430,45.431,41.254,KEIKO SOFIA FUJIMORI HIGUCHI,2021-06-08T00:54:00Z,94.10199999999999
SAN MARTIN,MARISCAL CACERES,00000014,PARTIDO POLITICO NACIONAL PERU LIBRE,16716,55.862,51.882,JOSE PEDRO CASTILLO TERRONES,2021-06-08T00:54:00Z,94.10199999999999
SAN MARTIN,MARISCAL CACERES,00000007,FUERZA POPULAR,13208,44.138000000000005,40.994,KEIKO SOFIA FUJIMORI HIGUCHI,2021-06-08T00:54:00Z,94.10199999999999
SAN MARTIN,RIOJA,00000014,PARTIDO POLITICO NACIONAL PERU LIBRE,40384,60.94,56.65,JOSE PEDRO CASTILLO TERRONES,2021-06-08T00:54:00Z,94.10199999999999
SAN MARTIN,RIOJA,00000007,FUERZA POPULAR,25885,39.06,36.31099999999999,KEIKO SOFIA FUJIMORI HIGUCHI,2021-06-08T00:54:00Z,94.10199999999999
SAN MARTIN,SAN MARTIN,00000014,PARTIDO POLITICO NACIONAL PERU LIBRE,49416,46.667,43.512,JOSE PEDRO CASTILLO TERRONES,2021-06-08T00:54:00Z,94.10199999999999
SAN MARTIN,SAN MARTIN,00000007,FUERZA POPULAR,56475,53.333,49.72800000000001,KEIKO SOFIA FUJIMORI HIGUCHI,2021-06-08T00:54:00Z,94.10199999999999
SAN MARTIN,BELLAVISTA,00000014,PARTIDO POLITICO NACIONAL PERU LIBRE,16803,63.843999999999994,60.099000000000004,JOSE PEDRO CASTILLO TERRONES,2021-06-08T00:54:00Z,94.10199999999999
SAN MARTIN,BELLAVISTA,00000007,FUERZA POPULAR,9516,36.156,34.036,KEIKO SOFIA FUJIMORI HIGUCHI,2021-06-08T00:54:00Z,94.10199999999999
SAN MARTIN,TOCACHE,00000014,PARTIDO POLITICO NACIONAL PERU LIBRE,25060,66.55199999999999,62.553,JOSE PEDRO CASTILLO TERRONES,2021-06-08T00:54:00Z,94.10199999999999
SAN MARTIN,TOCACHE,00000007,FUERZA POPULAR,12595,33.448,31.439,KEIKO SOFIA FUJIMORI HIGUCHI,2021-06-08T00:54:00Z,94.10199999999999
SAN MARTIN,PICOTA,00000014,PARTIDO POLITICO NACIONAL PERU LIBRE,12205,54.036,51.101,JOSE PEDRO CASTILLO TERRONES,2021-06-08T00:54:00Z,94.10199999999999
SAN MARTIN,PICOTA,00000007,FUERZA POPULAR,10382,45.964,43.468,KEIKO SOFIA FUJIMORI HIGUCHI,2021-06-08T00:54:00Z,94.10199999999999
SAN MARTIN,EL DORADO,00000014,PARTIDO POLITICO NACIONAL PERU LIBRE,11569,61.413,55.986,JOSE PEDRO CASTILLO TERRONES,2021-06-08T00:54:00Z,94.10199999999999
SAN MARTIN,EL DORADO,00000007,FUERZA POPULAR,7269,38.586999999999996,35.177,KEIKO SOFIA FUJIMORI HIGUCHI,2021-06-08T00:54:00Z,94.10199999999999
TACNA,TACNA,00000014,PARTIDO POLITICO NACIONAL PERU LIBRE,139666,71.573,67.644,JOSE PEDRO CASTILLO TERRONES,2021-06-08T00:54:00Z,94.10199999999999
TACNA,TACNA,00000007,FUERZA POPULAR,55473,28.427,26.867,KEIKO SOFIA FUJIMORI HIGUCHI,2021-06-08T00:54:00Z,94.10199999999999
TACNA,TARATA,00000014,PARTIDO POLITICO NACIONAL PERU LIBRE,3989,85.527,82.742,JOSE PEDRO CASTILLO TERRONES,2021-06-08T00:54:00Z,94.10199999999999
TACNA,TARATA,00000007,FUERZA POPULAR,675,14.473,14.001,KEIKO SOFIA FUJIMORI HIGUCHI,2021-06-08T00:54:00Z,94.10199999999999
TACNA,JORGE BASADRE,00000014,PARTIDO POLITICO NACIONAL PERU LIBRE,5152,82.577,79.789,JOSE PEDRO CASTILLO TERRONES,2021-06-08T00:54:00Z,94.10199999999999
TACNA,JORGE BASADRE,00000007,FUERZA POPULAR,1087,17.423,16.834000000000003,KEIKO SOFIA FUJIMORI HIGUCHI,2021-06-08T00:54:00Z,94.10199999999999
TACNA,CANDARAVE,00000014,PARTIDO POLITICO NACIONAL PERU LIBRE,3725,90.303,88.103,JOSE PEDRO CASTILLO TERRONES,2021-06-08T00:54:00Z,94.10199999999999
TACNA,CANDARAVE,00000007,FUERZA POPULAR,400,9.697,9.461,KEIKO SOFIA FUJIMORI HIGUCHI,2021-06-08T00:54:00Z,94.10199999999999
TUMBES,TUMBES,00000014,PARTIDO POLITICO NACIONAL PERU LIBRE,31134,36.998000000000005,34.07,JOSE PEDRO CASTILLO TERRONES,2021-06-08T00:54:00Z,94.10199999999999
TUMBES,TUMBES,00000007,FUERZA POPULAR,53017,63.002,58.016999999999996,KEIKO SOFIA FUJIMORI HIGUCHI,2021-06-08T00:54:00Z,94.10199999999999
TUMBES,CONTRALMIRANTE VILLAR,00000014,PARTIDO POLITICO NACIONAL PERU LIBRE,3107,27.391000000000002,26.044,JOSE PEDRO CASTILLO TERRONES,2021-06-08T00:54:00Z,94.10199999999999
TUMBES,CONTRALMIRANTE VILLAR,00000007,FUERZA POPULAR,8236,72.609,69.036,KEIKO SOFIA FUJIMORI HIGUCHI,2021-06-08T00:54:00Z,94.10199999999999
TUMBES,ZARUMILLA,00000014,PARTIDO POLITICO NACIONAL PERU LIBRE,6733,27.431,25.527,JOSE PEDRO CASTILLO TERRONES,2021-06-08T00:54:00Z,94.10199999999999
TUMBES,ZARUMILLA,00000007,FUERZA POPULAR,17812,72.569,67.531,KEIKO SOFIA FUJIMORI HIGUCHI,2021-06-08T00:54:00Z,94.10199999999999
CALLAO,CALLAO,00000014,PARTIDO POLITICO NACIONAL PERU LIBRE,195098,32.575,30.353,JOSE PEDRO CASTILLO TERRONES,2021-06-08T00:54:00Z,94.10199999999999
CALLAO,CALLAO,00000007,FUERZA POPULAR,403813,67.425,62.824,KEIKO SOFIA FUJIMORI HIGUCHI,2021-06-08T00:54:00Z,94.10199999999999
UCAYALI,CORONEL PORTILLO,00000014,PARTIDO POLITICO NACIONAL PERU LIBRE,87494,44.95099999999999,42.052,JOSE PEDRO CASTILLO TERRONES,2021-06-08T00:54:00Z,94.10199999999999
UCAYALI,CORONEL PORTILLO,00000007,FUERZA POPULAR,107151,55.049,51.5,KEIKO SOFIA FUJIMORI HIGUCHI,2021-06-08T00:54:00Z,94.10199999999999
UCAYALI,PADRE ABAD,00000014,PARTIDO POLITICO NACIONAL PERU LIBRE,22421,69.079,65.02199999999999,JOSE PEDRO CASTILLO TERRONES,2021-06-08T00:54:00Z,94.10199999999999
UCAYALI,PADRE ABAD,00000007,FUERZA POPULAR,10036,30.921,29.105,KEIKO SOFIA FUJIMORI HIGUCHI,2021-06-08T00:54:00Z,94.10199999999999
UCAYALI,ATALAYA,00000014,PARTIDO POLITICO NACIONAL PERU LIBRE,8150,46.186,41.849,JOSE PEDRO CASTILLO TERRONES,2021-06-08T00:54:00Z,94.10199999999999
UCAYALI,ATALAYA,00000007,FUERZA POPULAR,9496,53.81399999999999,48.760000000000005,KEIKO SOFIA FUJIMORI HIGUCHI,2021-06-08T00:54:00Z,94.10199999999999
UCAYALI,PURUS,00000014,PARTIDO POLITICO NACIONAL PERU LIBRE,350,25.964,24.858,JOSE PEDRO CASTILLO TERRONES,2021-06-08T00:54:00Z,94.10199999999999
UCAYALI,PURUS,00000007,FUERZA POPULAR,998,74.036,70.881,KEIKO SOFIA FUJIMORI HIGUCHI,2021-06-08T00:54:00Z,94.10199999999999
